method,source,grouping,group,n_images,n_leaf_concepts,eligible_primary,fpr95,sigma_mean,sigma_q75,sigma_q90
mcm,inaturalist,predefined,Alismatales,236,4,True,0.4322033898305085,5.001843996305773e-06,5.951882141178678e-06,7.225880903768972e-06
mcm,inaturalist,predefined,Apiales,160,2,False,0.29375,4.693720888349268e-06,5.772431449867035e-06,6.841849312698179e-06
mcm,inaturalist,predefined,Asparagales,498,6,True,0.3453815261044177,4.343952977984811e-06,5.103318805836763e-06,5.84259892753521e-06
mcm,inaturalist,predefined,Asterales,444,9,True,0.44594594594594594,4.807025422020102e-06,5.5388040308790845e-06,7.355721265992356e-06
mcm,inaturalist,predefined,Brassicales,670,5,True,0.34626865671641793,4.474922372169531e-06,5.369584824925463e-06,6.590955764643834e-06
mcm,inaturalist,predefined,Caryophyllales,995,9,True,0.20603015075376885,4.7369809446700344e-06,5.6896490402865755e-06,7.214252499985668e-06
mcm,inaturalist,predefined,Ceratophyllales,30,1,False,0.26666666666666666,4.534507516873624e-06,5.722621933070874e-06,6.3577248499935976e-06
mcm,inaturalist,predefined,Cucurbitales,122,1,False,0.7295081967213115,4.910550302773857e-06,5.966090491670827e-06,7.281919302255529e-06
mcm,inaturalist,predefined,Dipsacales,170,1,False,0.4235294117647059,5.824554747159397e-06,7.1820978042543355e-06,9.331053815707581e-06
mcm,inaturalist,predefined,Ericales,756,6,True,0.30687830687830686,5.0681675239512655e-06,6.252739774728715e-06,7.969453471310765e-06
mcm,inaturalist,predefined,Fabales,888,4,True,0.4797297297297297,5.190305223010344e-06,6.265991208587716e-06,7.719181242780448e-06
mcm,inaturalist,predefined,Fagales,19,1,False,0.5263157894736842,5.563897717952936e-06,6.740135263268266e-06,8.55072068823472e-06
mcm,inaturalist,predefined,Gentianales,207,3,True,0.5893719806763285,5.138216608416419e-06,6.500311470547757e-06,8.075772503064099e-06
mcm,inaturalist,predefined,Gigartinales,35,1,False,0.8857142857142857,5.818834281650041e-06,6.677520853025275e-06,7.4599691493038396e-06
mcm,inaturalist,predefined,Lamiales,576,7,True,0.2482638888888889,5.458241099745655e-06,6.648076988974215e-06,8.169373372144304e-06
mcm,inaturalist,predefined,Laurales,21,1,False,0.6190476190476191,4.929621743706374e-06,5.570409546009936e-06,6.85812475487454e-06
mcm,inaturalist,predefined,Liliales,280,5,True,0.5607142857142857,5.472354159842986e-06,6.5977141651129146e-06,7.716617444301688e-06
mcm,inaturalist,predefined,Malpighiales,398,4,True,0.22613065326633167,5.157896055190667e-06,5.954014981990396e-06,7.252255221405501e-06
mcm,inaturalist,predefined,Malvales,129,2,False,0.34108527131782945,4.359947662418437e-06,5.226458402147374e-06,6.258973204542236e-06
mcm,inaturalist,predefined,Myrtales,123,3,False,0.24390243902439024,5.091459673381353e-06,5.822340245215633e-06,8.275728320368583e-06
mcm,inaturalist,predefined,Osmundales,223,2,True,0.2062780269058296,4.984218452741497e-06,6.114883186719941e-06,7.504721234775897e-06
mcm,inaturalist,predefined,Pinales,196,3,False,0.1326530612244898,4.20585286698511e-06,5.116261701598772e-06,6.238824746216013e-06
mcm,inaturalist,predefined,Poales,295,5,True,0.25084745762711863,4.98606086980888e-06,6.080725206397711e-06,7.076853148458746e-06
mcm,inaturalist,predefined,Polypodiales,197,4,False,0.20304568527918782,4.781891995650174e-06,6.22135665821033e-06,7.664072907608378e-06
mcm,inaturalist,predefined,Ranunculales,191,3,False,0.518324607329843,4.299862582964714e-06,4.968224580608383e-06,5.764995770588994e-06
mcm,inaturalist,predefined,Rosales,657,8,True,0.2511415525114155,4.7138891148959525e-06,6.007207583153387e-06,7.516343083030031e-06
mcm,inaturalist,predefined,Sapindales,973,5,True,0.249743062692703,5.543810607721119e-06,7.123366956132005e-06,8.69513881439135e-06
mcm,inaturalist,predefined,Saxifragales,72,1,False,0.25,5.916980896365544e-06,7.611808788830146e-06,9.524314482543662e-06
mcm,inaturalist,predefined,Selaginellales,27,1,False,0.1111111111111111,4.312507100093254e-06,4.950592394933084e-06,5.894969079674056e-06
mcm,inaturalist,predefined,Solanales,412,3,True,0.6286407766990292,5.052951574984321e-06,5.89462651089069e-06,7.2209388560374855e-06
mcm,inaturalist,minilm_kmeans,cluster_00,659,7,True,0.40212443095599393,5.186273223074137e-06,6.322637186401043e-06,7.634521144351523e-06
mcm,inaturalist,minilm_kmeans,cluster_01,2723,32,True,0.3048108703635696,4.915266997298157e-06,5.907438578428767e-06,7.433591714252916e-06
mcm,inaturalist,minilm_kmeans,cluster_02,1463,17,True,0.4183185235816815,5.0303640714262e-06,6.1673626348633385e-06,7.714389471248076e-06
mcm,inaturalist,minilm_kmeans,cluster_03,1810,14,True,0.34861878453038675,4.710350460776926e-06,5.578472266279815e-06,6.892741336585918e-06
mcm,inaturalist,minilm_kmeans,cluster_04,817,3,True,0.22766217870257038,5.480685912973568e-06,7.05409069655458e-06,8.76729844919193e-06
mcm,inaturalist,minilm_kmeans,cluster_05,144,3,False,0.4444444444444444,4.806889999352987e-06,5.946974035523165e-06,7.411329457354287e-06
mcm,inaturalist,minilm_kmeans,cluster_06,654,9,True,0.28287461773700306,5.085921772187196e-06,6.1680882255119105e-06,7.831293329049422e-06
mcm,inaturalist,minilm_kmeans,cluster_07,829,11,True,0.3039806996381182,5.310155058123567e-06,6.583153185214128e-06,8.208073474180338e-06
mcm,inaturalist,minilm_kmeans,cluster_08,576,9,True,0.4756944444444444,4.712488070745612e-06,5.4870688858536636e-06,7.111634318298292e-06
mcm,inaturalist,minilm_kmeans,cluster_09,325,5,True,0.29846153846153844,4.57305788645206e-06,5.477222730677528e-06,7.069789580135721e-06
mcm,sun,predefined,"cultural (art, education, religion, etc.)",110,1,False,0.6727272727272727,5.6006404522741126e-06,6.701275645964039e-06,7.455736565291671e-06
mcm,sun,predefined,"forest, field, jungle",4332,21,True,0.3848107109879963,5.133822956792004e-06,6.0193942395660665e-06,7.664391561645315e-06
mcm,sun,predefined,industrial and construction,91,1,False,0.34065934065934067,4.83271280329248e-06,5.589809217906049e-06,6.879605738960989e-06
mcm,sun,predefined,"mountains, hills, desert, sky",1383,6,True,0.4107013738250181,4.522409173138336e-06,5.508687882399124e-06,6.431933878380229e-06
mcm,sun,predefined,"transportation (roads, parking, bridges, boats, airports, etc.)",414,1,False,0.7318840579710145,4.9150389131877546e-06,5.657973982318878e-06,6.651328804630435e-06
mcm,sun,predefined,"water, ice, snow",3670,20,True,0.38501362397820166,5.072301712447796e-06,6.062069626984613e-06,7.303866699488459e-06
mcm,sun,minilm_kmeans,cluster_00,2268,12,True,0.294973544973545,4.5660408726843866e-06,5.481981363061207e-06,6.505955664274338e-06
mcm,sun,minilm_kmeans,cluster_01,2143,10,True,0.39617358842743816,4.7376586103091585e-06,5.662522774800958e-06,6.5310131276537965e-06
mcm,sun,minilm_kmeans,cluster_02,2055,8,True,0.4535279805352798,5.585196443486351e-06,6.651802992727908e-06,8.448907164505972e-06
mcm,sun,minilm_kmeans,cluster_03,528,3,True,0.3939393939393939,4.369644478312029e-06,5.457697097691516e-06,6.549493064751368e-06
mcm,sun,minilm_kmeans,cluster_04,1124,6,True,0.4973309608540925,4.985253315488726e-06,5.85172450624239e-06,6.956763094071021e-06
mcm,sun,minilm_kmeans,cluster_05,1244,7,True,0.42765273311897106,5.414995304092666e-06,6.367514008260973e-06,7.766475487125208e-06
mcm,sun,minilm_kmeans,cluster_06,638,4,True,0.48119122257053293,5.591254988889756e-06,6.934593706364651e-06,8.27613327448718e-06
neglabel,inaturalist,predefined,Alismatales,236,4,True,0.038135593220338986,0.08180967937391517,0.10143979971342698,0.12396197275783336
neglabel,inaturalist,predefined,Apiales,160,2,False,0.03125,0.07814202719474911,0.09879693947101545,0.12062634283842012
neglabel,inaturalist,predefined,Asparagales,498,6,True,0.0321285140562249,0.06394698745126248,0.08389587202813167,0.1021893986721325
neglabel,inaturalist,predefined,Asterales,444,9,True,0.03153153153153153,0.06405438311506975,0.0817861041358803,0.10519977563400633
neglabel,inaturalist,predefined,Brassicales,670,5,True,0.016417910447761194,0.05384493525708714,0.07640250991593328,0.0985965398021115
neglabel,inaturalist,predefined,Caryophyllales,995,9,True,0.020100502512562814,0.061867060097583707,0.0832028225341625,0.10442886370250179
neglabel,inaturalist,predefined,Ceratophyllales,30,1,False,0.13333333333333333,0.06475582847842302,0.08272018491490371,0.10234322928257385
neglabel,inaturalist,predefined,Cucurbitales,122,1,False,0.1885245901639344,0.07663865667052067,0.10690423423900987,0.13918544683035378
neglabel,inaturalist,predefined,Dipsacales,170,1,False,0.011764705882352941,0.057529468192272865,0.0768009550763836,0.10436291339429025
neglabel,inaturalist,predefined,Ericales,756,6,True,0.041005291005291,0.07873216804406451,0.10238136176389533,0.12495733744406415
neglabel,inaturalist,predefined,Fabales,888,4,True,0.013513513513513514,0.07001043117931201,0.09313054668199044,0.1143911815126473
neglabel,inaturalist,predefined,Fagales,19,1,False,0.0,0.07510511002846453,0.09644501959269035,0.10867422207730706
neglabel,inaturalist,predefined,Gentianales,207,3,True,0.024154589371980676,0.07111741922371993,0.0917613014328301,0.12383794433108829
neglabel,inaturalist,predefined,Gigartinales,35,1,False,0.8,0.01648803800225081,0.02144542498644,0.03402293617649084
neglabel,inaturalist,predefined,Lamiales,576,7,True,0.029513888888888888,0.059516910340298795,0.07864240400183732,0.1079668104133133
neglabel,inaturalist,predefined,Laurales,21,1,False,0.14285714285714285,0.08965364750087586,0.1249185139661336,0.1306558386445667
neglabel,inaturalist,predefined,Liliales,280,5,True,0.05357142857142857,0.0682067598716036,0.09287049586105117,0.11527746685790966
neglabel,inaturalist,predefined,Malpighiales,398,4,True,0.0,0.06220216279581309,0.0786909020415481,0.1081707011859125
neglabel,inaturalist,predefined,Malvales,129,2,False,0.007751937984496124,0.07320560939284311,0.0921259112867726,0.11277242066721262
neglabel,inaturalist,predefined,Myrtales,123,3,False,0.0,0.07037885892504858,0.0991423102833208,0.12665312414601454
neglabel,inaturalist,predefined,Osmundales,223,2,True,0.008968609865470852,0.03651606204705568,0.0464952263982448,0.07251727748741853
neglabel,inaturalist,predefined,Pinales,196,3,False,0.061224489795918366,0.07027280626354442,0.0908293720435243,0.10957290605791836
neglabel,inaturalist,predefined,Poales,295,5,True,0.04067796610169491,0.07323430278654171,0.09534774147471106,0.11667161572120599
neglabel,inaturalist,predefined,Polypodiales,197,4,False,0.01015228426395939,0.05287016947575947,0.0711622477338746,0.09419762041026813
neglabel,inaturalist,predefined,Ranunculales,191,3,False,0.020942408376963352,0.06653355589491174,0.0875968692724608,0.1101838459203936
neglabel,inaturalist,predefined,Rosales,657,8,True,0.0684931506849315,0.07283713991478365,0.096445833450465,0.12000708588419265
neglabel,inaturalist,predefined,Sapindales,973,5,True,0.02877697841726619,0.07261591219632725,0.0932674163123619,0.11740073897568319
neglabel,inaturalist,predefined,Saxifragales,72,1,False,0.041666666666666664,0.04429038178680377,0.0610852268644144,0.08544666469136082
neglabel,inaturalist,predefined,Selaginellales,27,1,False,0.037037037037037035,0.05722828572295874,0.07416580192388815,0.08570079450087868
neglabel,inaturalist,predefined,Solanales,412,3,True,0.03398058252427184,0.08293530749069551,0.10032836980258047,0.12875932724133624
neglabel,inaturalist,minilm_kmeans,cluster_00,659,7,True,0.019726858877086494,0.07387736271241187,0.0933658070629546,0.11861756893680167
neglabel,inaturalist,minilm_kmeans,cluster_01,2723,32,True,0.03672420124862284,0.06639353886157459,0.08894757665409239,0.11494940036911375
neglabel,inaturalist,minilm_kmeans,cluster_02,1463,17,True,0.060833902939166094,0.07832815252066054,0.101830465066399,0.12608676479392028
neglabel,inaturalist,minilm_kmeans,cluster_03,1810,14,True,0.01878453038674033,0.0597626845558262,0.0788286071596277,0.10441587368297281
neglabel,inaturalist,minilm_kmeans,cluster_04,817,3,True,0.0208078335373317,0.07198509559597632,0.0924021968522573,0.11750547408305291
neglabel,inaturalist,minilm_kmeans,cluster_05,144,3,False,0.013888888888888888,0.0583351090070041,0.07759555901803543,0.09788255696722678
neglabel,inaturalist,minilm_kmeans,cluster_06,654,9,True,0.045871559633027525,0.05916815339161695,0.07958086420707092,0.10350368932696427
neglabel,inaturalist,minilm_kmeans,cluster_07,829,11,True,0.05186972255729795,0.07381754611690734,0.09717775464287,0.11857256818548878
neglabel,inaturalist,minilm_kmeans,cluster_08,576,9,True,0.008680555555555556,0.05889855725556867,0.07791619229276245,0.10075480543781555
neglabel,inaturalist,minilm_kmeans,cluster_09,325,5,True,0.018461538461538463,0.0557726190350079,0.0799608090679571,0.10269249245608625
neglabel,sun,predefined,"cultural (art, education, religion, etc.)",110,1,False,0.22727272727272727,0.030797558862454742,0.040081091616480075,0.05229827737204164
neglabel,sun,predefined,"forest, field, jungle",4332,21,True,0.22460757156048014,0.07321201554281916,0.09911081556830541,0.12817164850182158
neglabel,sun,predefined,industrial and construction,91,1,False,0.2857142857142857,0.038318854422969534,0.0502116964174794,0.0707496353750608
neglabel,sun,predefined,"mountains, hills, desert, sky",1383,6,True,0.12581344902386118,0.049033943783617015,0.06476183667976475,0.08866282265499112
neglabel,sun,predefined,"transportation (roads, parking, bridges, boats, airports, etc.)",414,1,False,0.7270531400966184,0.043889204548849765,0.057833293637574196,0.09291777491443456
neglabel,sun,predefined,"water, ice, snow",3670,20,True,0.2103542234332425,0.055919469068762724,0.07516508470498015,0.10262716443663085
neglabel,sun,minilm_kmeans,cluster_00,2268,12,True,0.08994708994708994,0.06743572799561193,0.08929119430654428,0.11957543968277516
neglabel,sun,minilm_kmeans,cluster_01,2143,10,True,0.3005132991133924,0.05780917176941516,0.08010777991137955,0.1061353385989836
neglabel,sun,minilm_kmeans,cluster_02,2055,8,True,0.25985401459854013,0.07940677388600201,0.1063841438589084,0.1385908746683302
neglabel,sun,minilm_kmeans,cluster_03,528,3,True,0.20454545454545456,0.04597004326101525,0.0621785896262735,0.0831729990044629
neglabel,sun,minilm_kmeans,cluster_04,1124,6,True,0.27846975088967973,0.0465081829006225,0.06658986364748652,0.09563436687007831
neglabel,sun,minilm_kmeans,cluster_05,1244,7,True,0.23311897106109325,0.04864718161420549,0.06001585504197372,0.08389992976921753
neglabel,sun,minilm_kmeans,cluster_06,638,4,True,0.27899686520376177,0.059816683535034686,0.0833493879604603,0.11408571501829184
