method,leaf_concept,max_id_cosine,peak,id_q95,text_proxy_score,n,errors,fpr95,eligible,negative_coverage,negative_coverage_risk
mcm,badlands,0.7504106,0.17626572,0.6705887943506241,0.0011884407,388,287,0.7396907216494846,True,,
mcm,bamboo forest,0.68935513,0.12837017,0.6470913290977478,0.0011337304,116,49,0.4224137931034483,True,,
mcm,bayou,0.7998289,0.15975142,0.7454724311828613,0.001167849,134,63,0.4701492537313433,True,,
mcm,botanical garden,0.8332146,0.17373127,0.771790012717247,0.0011837961,218,31,0.14220183486238533,True,,
mcm,canal natural,0.85214746,0.20298672,0.7678606957197189,0.001218372,147,103,0.7006802721088435,True,,
mcm,canal urban,0.8269254,0.18082714,0.7648376047611236,0.0011918826,414,303,0.7318840579710145,True,,
mcm,catacomb,0.79360896,0.17398113,0.732517808675766,0.0011843723,110,74,0.6727272727272727,True,,
mcm,cavern indoor,0.75670743,0.1730395,0.6811965882778168,0.001184831,352,112,0.3181818181818182,True,,
mcm,corn field,0.91019255,0.27421248,0.7388949036598206,0.0013095371,285,189,0.6631578947368421,True,,
mcm,creek,0.8863613,0.21270972,0.7903799623250961,0.0012302566,429,93,0.21678321678321677,True,,
mcm,crevasse,0.77635264,0.14376694,0.7324458092451096,0.0011493866,142,43,0.3028169014084507,True,,
mcm,desert sand,0.83897114,0.18678403,0.7562675386667251,0.001199753,245,76,0.31020408163265306,True,,
mcm,desert vegetation,0.8354709,0.19157308,0.7405230432748794,0.0012064718,168,23,0.13690476190476192,True,,
mcm,field cultivated,0.8629855,0.19680876,0.7778728485107422,0.0012114395,286,144,0.5034965034965035,True,,
mcm,field wild,0.8678255,0.20934057,0.7860108643770217,0.0012252486,209,58,0.27751196172248804,True,,
mcm,fishpond,0.8249524,0.17120439,0.7631444275379181,0.0011808409,135,71,0.5259259259259259,True,,
mcm,forest broadleaf,0.82669157,0.1695301,0.7531431883573532,0.0011803356,220,17,0.07727272727272727,True,,
mcm,forest needleleaf,0.745615,0.15108436,0.6875283569097519,0.0011595563,128,19,0.1484375,True,,
mcm,forest path,0.8166944,0.19759905,0.7211729735136032,0.0012132761,408,48,0.11764705882352941,True,,
mcm,forest road,0.8409504,0.21267533,0.7439081937074661,0.0012308141,115,6,0.05217391304347826,True,,
mcm,formal garden,0.810696,0.18681759,0.7261244833469391,0.0012003339,206,123,0.5970873786407767,True,,
mcm,hayfield,0.8647575,0.23732448,0.7333160072565079,0.0012620522,113,103,0.911504424778761,True,,
mcm,herb garden,0.79334074,0.17696232,0.7230807006359099,0.0011880633,174,104,0.5977011494252874,True,,
mcm,ice floe,0.7960368,0.15174735,0.752652621269226,0.0011585349,157,60,0.3821656050955414,True,,
mcm,ice shelf,0.7252741,0.14628202,0.6685523957014083,0.001153737,106,21,0.19811320754716982,True,,
mcm,iceberg,0.77360976,0.18888342,0.6875803530216217,0.0012034182,331,62,0.18731117824773413,True,,
mcm,islet,0.7953329,0.16467291,0.7326103687286377,0.00117446,267,235,0.8801498127340824,True,,
mcm,marsh,0.84581697,0.17178404,0.7790237784385681,0.0011819076,164,45,0.27439024390243905,True,,
mcm,ocean,0.8966116,0.21894044,0.8069670557975769,0.0012368065,182,72,0.3956043956043956,True,,
mcm,orchard,0.83040196,0.19564939,0.7433395922183991,0.0012103902,301,120,0.39867109634551495,True,,
mcm,pond,0.8544755,0.19431788,0.7786922961473465,0.001207648,150,49,0.32666666666666666,True,,
mcm,putting green,0.7731134,0.17004484,0.7089554876089096,0.0011800441,106,40,0.37735849056603776,True,,
mcm,rainforest,0.8140643,0.17750084,0.741034322977066,0.0011888369,194,35,0.18041237113402062,True,,
mcm,rice paddy,0.799442,0.18230271,0.7147599458694458,0.0011948858,79,24,0.3037974683544304,True,,
mcm,river,0.89839715,0.22142476,0.8021402269601822,0.001240172,191,90,0.4712041884816754,True,,
mcm,rock arch,0.85815966,0.22875768,0.733743765950203,0.0012514669,85,65,0.7647058823529411,True,,
mcm,ski slope,0.9013331,0.2740698,0.7407541543245315,0.001308695,214,191,0.8925233644859814,True,,
mcm,sky,0.87517095,0.19263369,0.808943247795105,0.0012047733,145,5,0.034482758620689655,True,,
mcm,snowfield,0.8221531,0.17917913,0.7464287102222442,0.0011909023,165,68,0.4121212121212121,True,,
mcm,swamp,0.8386189,0.18912262,0.7616318255662918,0.0012022475,116,18,0.15517241379310345,True,,
mcm,topiary garden,0.72685456,0.16334468,0.6506442189216614,0.0011739762,91,46,0.5054945054945055,True,,
mcm,tree farm,0.7948984,0.19817549,0.7018232643604279,0.0012137644,97,11,0.1134020618556701,True,,
mcm,trench,0.824618,0.17841691,0.7595474123954773,0.0011888418,91,31,0.34065934065934067,True,,
mcm,vegetable garden,0.82091653,0.1825614,0.7439049810171127,0.0011946924,398,252,0.6331658291457286,True,,
mcm,vineyard,0.86660665,0.2049793,0.7786723226308822,0.0012204404,381,112,0.29396325459317585,True,,
mcm,waterfall block,0.83339113,0.1974948,0.7475128531455993,0.0012121827,164,64,0.3902439024390244,True,,
mcm,waterfall fan,0.8901373,0.25625807,0.7468419253826141,0.0012853335,168,33,0.19642857142857142,True,,
mcm,waterfall plunge,0.8460025,0.22837389,0.7224683701992035,0.0012508058,92,19,0.20652173913043478,True,,
mcm,wave,0.83205277,0.17144579,0.7755541205406189,0.0011805855,216,13,0.06018518518518518,True,,
mcm,wheat field,0.79261446,0.18811715,0.7023209750652313,0.001202299,207,136,0.6570048309178744,True,,
neglabel,badlands,0.6993446,0.13166475,0.641434496641159,0.5459094,388,42,0.10824742268041238,True,0.8221265,-0.8221265
neglabel,bamboo forest,0.65815145,0.11930698,0.606690165400505,0.38728946,116,3,0.02586206896551724,True,0.84000003,-0.84000003
neglabel,bayou,0.7409686,0.11209738,0.7074194401502609,0.49596477,134,31,0.23134328358208955,True,0.8060676,-0.8060676
neglabel,botanical garden,0.7896563,0.1346674,0.7416623622179032,0.7837463,218,14,0.06422018348623854,True,0.84703326,-0.84703326
neglabel,canal natural,0.8137629,0.14671779,0.7587304145097732,0.9470303,147,74,0.5034013605442177,True,0.89478886,-0.89478886
neglabel,canal urban,0.78088254,0.1327163,0.7431198805570602,0.9307216,414,301,0.7270531400966184,True,0.8845677,-0.8845677
neglabel,catacomb,0.75353694,0.12878263,0.7126544713973999,0.8722401,110,25,0.22727272727272727,True,0.81711316,-0.81711316
neglabel,cavern indoor,0.6961017,0.124548614,0.6490682244300842,0.9445636,352,39,0.11079545454545454,True,0.8149934,-0.8149934
neglabel,corn field,0.8473335,0.23627073,0.6927836537361145,0.99992615,285,89,0.312280701754386,True,0.7908969,-0.7908969
neglabel,creek,0.8210912,0.15286422,0.7572011679410935,0.9467459,429,24,0.055944055944055944,True,0.856758,-0.856758
neglabel,crevasse,0.75367653,0.13247597,0.7007579207420349,0.6014528,142,11,0.07746478873239436,True,0.79669666,-0.79669666
neglabel,desert sand,0.7970199,0.14362091,0.736824581027031,0.80491364,245,31,0.12653061224489795,True,0.8518928,-0.8518928
neglabel,desert vegetation,0.7566979,0.14584577,0.6884486585855484,0.68015915,168,12,0.07142857142857142,True,0.80853665,-0.80853665
neglabel,field cultivated,0.8048458,0.16141063,0.7323956757783889,0.88214153,286,107,0.3741258741258741,True,0.8239409,-0.8239409
neglabel,field wild,0.8406122,0.16400063,0.7716392189264297,0.92695904,209,30,0.14354066985645933,True,0.87829065,-0.87829065
neglabel,fishpond,0.79073024,0.13760978,0.7358930230140686,0.8063385,135,93,0.6888888888888889,True,0.83603776,-0.83603776
neglabel,forest broadleaf,0.7428347,0.11696917,0.7022185981273651,0.33761227,220,19,0.08636363636363636,True,0.85865355,-0.85865355
neglabel,forest needleleaf,0.6935095,0.13680315,0.6287353694438934,0.7024362,128,9,0.0703125,True,0.80370843,-0.80370843
neglabel,forest path,0.7316629,0.14094067,0.6745619237422943,0.9124189,408,38,0.09313725490196079,True,0.75992763,-0.75992763
neglabel,forest road,0.78268725,0.17014903,0.7055708438158035,0.9817634,115,3,0.02608695652173913,True,0.78540707,-0.78540707
neglabel,formal garden,0.7620937,0.14262962,0.7031736731529236,0.90172166,206,66,0.32038834951456313,True,0.7776203,-0.7776203
neglabel,hayfield,0.8077652,0.1900698,0.6987312436103821,0.9962734,113,95,0.8407079646017699,True,0.7808746,-0.7808746
neglabel,herb garden,0.75310713,0.14397824,0.6946583330631256,0.94153214,174,48,0.27586206896551724,True,0.76809305,-0.76809305
neglabel,ice floe,0.7763746,0.12302685,0.7332326650619506,0.7565414,157,24,0.15286624203821655,True,0.8536247,-0.8536247
neglabel,ice shelf,0.6869783,0.11903286,0.6413788944482803,0.68888426,106,1,0.009433962264150943,True,0.8082472,-0.8082472
neglabel,iceberg,0.7148296,0.1544385,0.6356412380933761,0.92555207,331,6,0.01812688821752266,True,0.74684024,-0.74684024
neglabel,islet,0.7459734,0.13154429,0.6943318128585815,0.8287668,267,77,0.2883895131086142,True,0.7583741,-0.7583741
neglabel,marsh,0.7817443,0.12747842,0.7362058699131012,0.6604343,164,24,0.14634146341463414,True,0.836638,-0.836638
neglabel,ocean,0.84024656,0.16620743,0.771356400847435,0.95750487,182,36,0.1978021978021978,True,0.86906433,-0.86906433
neglabel,orchard,0.7750756,0.14734489,0.7123373687267304,0.9290794,301,19,0.06312292358803986,True,0.78409576,-0.78409576
neglabel,pond,0.7946671,0.14649487,0.7391836941242218,0.94688666,150,39,0.26,True,0.8089243,-0.8089243
neglabel,putting green,0.75808233,0.16773188,0.6791572868824005,0.9905244,106,78,0.7358490566037735,True,0.76032925,-0.76032925
neglabel,rainforest,0.7573678,0.12681884,0.7090313673019409,0.5383379,194,15,0.07731958762886598,True,0.86794233,-0.86794233
neglabel,rice paddy,0.7465929,0.1335985,0.6922333925962448,0.73435974,79,6,0.0759493670886076,True,0.79147565,-0.79147565
neglabel,river,0.83611006,0.15762204,0.7746980428695679,0.96495205,191,36,0.18848167539267016,True,0.86891836,-0.86891836
neglabel,rock arch,0.81196284,0.20027989,0.6946047931909561,0.8990378,85,43,0.5058823529411764,True,0.85185504,-0.85185504
neglabel,ski slope,0.84722775,0.20934117,0.7291794002056121,0.9903931,214,155,0.7242990654205608,True,0.861525,-0.861525
neglabel,sky,0.8213617,0.13792723,0.7822326570749283,0.79729956,145,7,0.04827586206896552,True,0.8989806,-0.8989806
neglabel,snowfield,0.80516076,0.16240847,0.7231997817754745,0.8866904,165,39,0.23636363636363636,True,0.84093994,-0.84093994
neglabel,swamp,0.7769739,0.12688708,0.7346219718456268,0.84458447,116,5,0.04310344827586207,True,0.82219696,-0.82219696
neglabel,topiary garden,0.6906677,0.13956743,0.6219409853219986,0.8413884,91,43,0.4725274725274725,True,0.8967799,-0.8967799
neglabel,tree farm,0.7317762,0.1463548,0.6718483626842499,0.84954697,97,1,0.010309278350515464,True,0.79549205,-0.79549205
neglabel,trench,0.76052934,0.12942863,0.7192885875701904,0.7666578,91,26,0.2857142857142857,True,0.79260945,-0.79260945
neglabel,vegetable garden,0.7738124,0.13926518,0.7188481301069259,0.9071414,398,142,0.35678391959798994,True,0.8040291,-0.8040291
neglabel,vineyard,0.8369851,0.17691058,0.7522688537836074,0.9959805,381,95,0.24934383202099739,True,0.8198589,-0.8198589
neglabel,waterfall block,0.76974916,0.15225321,0.7041744977235794,0.9466829,164,15,0.09146341463414634,True,0.7772224,-0.7772224
neglabel,waterfall fan,0.82834876,0.205271,0.7109447747468949,0.99952906,168,3,0.017857142857142856,True,0.7948835,-0.7948835
neglabel,waterfall plunge,0.78896236,0.18382442,0.69025719165802,0.9926088,92,5,0.05434782608695652,True,0.78448987,-0.78448987
neglabel,wave,0.77712804,0.13051534,0.7346008121967316,0.78827506,216,74,0.3425925925925926,True,0.8299774,-0.8299774
neglabel,wheat field,0.7209939,0.14768678,0.6524028539657593,0.76192427,207,53,0.2560386473429952,True,0.7947166,-0.7947166
